0.088257, 0.590179, 9.469177, 0, ;
0.096542, 0.519592, 9.660248, 0, ;
0.178665, 0.593903, 9.356766, 0, ;
0.179947, 0.559464, 9.584274, 0, ;
0.185928, 0.551102, 9.525269, 0, ;
0.157486, 0.520370, 9.558502, 0, ;
0.014343, 0.571838, 9.552826, 0, ;
-0.006668, 0.609756, 9.497360, 0, ;
0.161346, 0.578079, 9.475098, 0, ;
0.206070, 0.564697, 9.554565, 0, ;
0.193710, 0.551926, 9.527573, 0, ;
0.099670, 0.551865, 9.550690, 0, ;
0.102097, 0.591339, 9.540054, 0, ;
0.146652, 0.535507, 9.563278, 0, ;
0.158417, 0.518356, 9.516266, 0, ;
0.156052, 0.538803, 9.508926, 0, ;
0.122620, 0.564026, 9.499847, 0, ;
0.100586, 0.543976, 9.552872, 0, ;
0.120712, 0.551697, 9.598709, 0, ;
0.128067, 0.555313, 9.517288, 0, ;
0.091064, 0.528168, 9.532181, 0, ;
0.139511, 0.559372, 9.460922, 0, ;
0.132492, 0.525467, 9.461288, 0, ;
0.178238, 0.587997, 9.563324, 0, ;
0.109070, 0.584641, 9.431229, 0, ;
0.115967, 0.574890, 9.535172, 0, ;
0.135590, 0.575348, 9.527557, 0, ;
0.133881, 0.551514, 9.508148, 0, ;
0.097900, 0.598114, 9.558456, 0, ;
0.113739, 0.562546, 9.559006, 0, ;
0.113403, 0.568756, 9.607239, 0, ;
0.130692, 0.565231, 9.529312, 0, ;
0.122894, 0.580658, 9.532410, 0, ;
0.160980, 0.611603, 9.525269, 0, ;
0.108612, 0.604462, 9.496704, 0, ;
0.208588, 0.411652, 9.425293, 0, ;
-0.186554, 0.559235, 9.251526, 0, ;
0.170502, 0.490204, 9.763306, 0, ;
-0.022308, 0.444977, 9.446716, 0, ;
0.199066, 0.568756, 9.484802, 0, ;
0.113373, 0.687775, 9.553833, 0, ;
0.132416, 0.592560, 9.706177, 0, ;
0.194305, 0.561615, 9.470520, 0, ;
0.149078, 0.563995, 9.615723, 0, ;
0.144318, 0.566376, 9.589539, 0, ;
0.160980, 0.583038, 9.520508, 0, ;
0.187164, 0.566376, 9.518127, 0, ;
0.194305, 0.587799, 9.551453, 0, ;
0.114304, 0.516724, 9.639404, 0, ;
0.146942, 0.563995, 9.558868, 0, ;
0.115570, 0.534714, 9.540619, 0, ;
0.127182, 0.564651, 9.524612, 0, ;
0.125290, 0.557098, 9.560684, 0, ;
0.140106, 0.575958, 9.536850, 0, ;
0.114655, 0.545410, 9.561234, 0, ;
0.120178, 0.522400, 9.535034, 0, ;
0.143738, 0.570724, 9.560944, 0, ;
0.172760, 0.630127, 9.542023, 0, ;
0.166565, 0.578278, 9.545868, 0, ;
0.134659, 0.587219, 9.455688, 0, ;
0.130295, 0.528625, 9.551331, 0, ;
0.131851, 0.573517, 9.547119, 0, ;
0.167740, 0.582626, 9.553436, 0, ;
0.163361, 0.535431, 9.544312, 0, ;
0.191925, 0.623505, 9.560974, 0, ;
0.099091, 0.516388, 9.549072, 0, ;
0.139557, 0.542572, 9.625244, 0, ;
0.206207, 0.630646, 9.587158, 0, ;
0.132416, 0.590179, 9.572876, 0, ;
0.115753, 0.537811, 9.503845, 0, ;
0.180023, 0.573517, 9.556213, 0, ;
0.163361, 0.590179, 9.503845, 0, ;
0.106232, 0.523529, 9.549072, 0, ;
0.137177, 0.561615, 9.546692, 0, ;
0.153839, 0.552094, 9.563354, 0, ;
0.118134, 0.521149, 9.546692, 0, ;
0.160980, 0.573517, 9.608582, 0, ;
0.184784, 0.583038, 9.570496, 0, ;
0.163361, 0.509247, 9.575256, 0, ;
0.139557, 0.561615, 9.491943, 0, ;
0.127655, 0.571136, 9.556213, 0, ;
0.137177, 0.580658, 9.520508, 0, ;
0.170502, 0.544952, 9.563354, 0, ;
0.158600, 0.561615, 9.570496, 0, ;
0.177643, 0.540192, 9.527649, 0, ;
0.187164, 0.578278, 9.484802, 0, ;
0.058624, 0.533051, 9.501465, 0, ;
0.120514, 0.599701, 9.582397, 0, ;
0.180023, 0.571136, 9.591919, 0, ;
0.191925, 0.625885, 9.465759, 0, ;
0.180023, 0.575897, 9.541931, 0, ;
0.170502, 0.556854, 9.468140, 0, ;
0.127655, 0.561615, 9.549072, 0, ;
0.113373, 0.561615, 9.491943, 0, ;
0.177643, 0.552094, 9.508606, 0, ;
0.210968, 0.580658, 9.489563, 0, ;
0.163361, 0.552094, 9.520508, 0, ;
0.156219, 0.571136, 9.465759, 0, ;
0.151459, 0.533051, 9.580017, 0, ;
0.180023, 0.628265, 9.534790, 0, ;
0.141937, 0.602081, 9.525269, 0, ;
0.153839, 0.542572, 9.496704, 0, ;
0.141937, 0.585419, 9.544312, 0, ;
0.194305, 0.592560, 9.556213, 0, ;
0.220490, 0.533051, 9.503845, 0, ;
0.172882, 0.537811, 9.541931, 0, ;
0.206207, 0.592560, 9.506226, 0, ;
0.106232, 0.554474, 9.556213, 0, ;
0.125275, 0.552094, 9.525269, 0, ;
0.134796, 0.566376, 9.537170, 0, ;
0.168121, 0.599701, 9.518127, 0, ;
0.156219, 0.556854, 9.522888, 0, ;
0.132416, 0.573517, 9.522888, 0, ;
0.160980, 0.509247, 9.503845, 0, ;
0.158600, 0.533051, 9.577637, 0, ;
0.177643, 0.523529, 9.584778, 0, ;
0.160980, 0.583038, 9.537170, 0, ;
0.158600, 0.509247, 9.599060, 0, ;
0.218109, 0.552094, 9.444336, 0, ;
0.177643, 0.535431, 9.522888, 0, ;
0.160980, 0.568756, 9.532410, 0, ;
0.130035, 0.537811, 9.520508, 0, ;
0.184784, 0.599701, 9.532410, 0, ;
0.156219, 0.540192, 9.580017, 0, ;
0.194305, 0.583038, 9.568115, 0, ;
0.158600, 0.604462, 9.525269, 0, ;
0.113373, 0.537811, 9.453857, 0, ;
0.160980, 0.590179, 9.580017, 0, ;
0.118134, 0.597321, 9.556213, 0, ;
0.180023, 0.542572, 9.525269, 0, ;
0.141937, 0.556854, 9.541931, 0, ;
0.156219, 0.535431, 9.551453, 0, ;
0.132416, 0.521149, 9.620483, 0, ;
0.149078, 0.621124, 9.546692, 0, ;
0.144318, 0.554474, 9.539551, 0, ;
0.156219, 0.561615, 9.487183, 0, ;
0.125275, 0.552094, 9.577637, 0, ;
0.141937, 0.566376, 9.587158, 0, ;
0.175262, 0.590179, 9.503845, 0, ;
0.134796, 0.583038, 9.518127, 0, ;
0.141937, 0.583038, 9.513367, 0, ;
0.146698, 0.578278, 9.510986, 0, ;
0.170502, 0.566376, 9.530029, 0, ;
0.127655, 0.606842, 9.556213, 0, ;
0.130035, 0.609222, 9.499084, 0, ;
0.151459, 0.528290, 9.632385, 0, ;
0.165741, 0.585419, 9.544312, 0, ;
0.146698, 0.623505, 9.606201, 0, ;
0.168121, 0.580658, 9.537170, 0, ;
0.177643, 0.597321, 9.520508, 0, ;
0.101471, 0.547333, 9.539551, 0, ;
0.099091, 0.568756, 9.513367, 0, ;
0.132416, 0.578278, 9.565735, 0, ;
0.151459, 0.559235, 9.589539, 0, ;
0.144318, 0.559235, 9.532410, 0, ;
0.137177, 0.537811, 9.451477, 0, ;
0.144318, 0.561615, 9.641907, 0, ;
0.122894, 0.609222, 9.496704, 0, ;
0.127655, 0.573517, 9.546692, 0, ;
0.127655, 0.549713, 9.541931, 0, ;
0.096710, 0.556854, 9.549072, 0, ;
0.137177, 0.521149, 9.580017, 0, ;
0.108612, 0.506866, 9.558594, 0, ;
0.084808, 0.563995, 9.506226, 0, ;
0.177643, 0.540192, 9.596680, 0, ;
0.184784, 0.594940, 9.508606, 0, ;
0.165741, 0.613983, 9.487183, 0, ;
0.151459, 0.642548, 9.515747, 0, ;
0.125275, 0.566376, 9.513367, 0, ;
0.177643, 0.592560, 9.534790, 0, ;
0.113373, 0.573517, 9.472900, 0, ;
0.170502, 0.568756, 9.537170, 0, ;
0.139557, 0.549713, 9.449097, 0, ;
0.182404, 0.656830, 9.501465, 0, ;
0.120514, 0.544952, 9.532410, 0, ;
0.182404, 0.594940, 9.556213, 0, ;
0.089569, 0.559235, 9.568115, 0, ;
0.144318, 0.561615, 9.580017, 0, ;
0.177643, 0.559235, 9.520508, 0, ;
0.108612, 0.568756, 9.541931, 0, ;
0.149078, 0.549713, 9.510986, 0, ;
0.153839, 0.568756, 9.477661, 0, ;
0.125275, 0.540192, 9.553833, 0, ;
0.165741, 0.592560, 9.491943, 0, ;
0.139557, 0.561615, 9.549072, 0, ;
0.165741, 0.561615, 9.572876, 0, ;
0.125275, 0.609222, 9.525269, 0, ;
0.122894, 0.611603, 9.532410, 0, ;
0.168121, 0.594940, 9.539551, 0, ;
0.172882, 0.625885, 9.551453, 0, ;
0.132416, 0.533051, 9.496704, 0, ;
0.160980, 0.575897, 9.563354, 0, ;
0.122894, 0.537811, 9.568115, 0, ;
0.134796, 0.523529, 9.499084, 0, ;
0.118134, 0.516388, 9.539551, 0, ;
0.149078, 0.544952, 9.522888, 0, ;
0.199066, 0.549713, 9.491943, 0, ;
0.184784, 0.583038, 9.515747, 0, ;
0.160980, 0.530670, 9.487183, 0, ;
0.141937, 0.561615, 9.577637, 0, ;
0.137177, 0.563995, 9.537170, 0, ;
0.156219, 0.563995, 9.534790, 0, ;
0.177643, 0.590179, 9.556213, 0, ;
0.151459, 0.547333, 9.553833, 0, ;
0.127655, 0.604462, 9.515747, 0, ;
0.101471, 0.537811, 9.599060, 0, ;
0.175262, 0.580658, 9.551453, 0, ;
0.187164, 0.587799, 9.544312, 0, ;
0.175262, 0.568756, 9.489563, 0, ;
0.146698, 0.604462, 9.510986, 0, ;
0.134796, 0.516388, 9.506226, 0, ;
0.146698, 0.537811, 9.570496, 0, ;
0.120514, 0.580658, 9.577637, 0, ;
0.139557, 0.552094, 9.558594, 0, ;
0.118134, 0.587799, 9.427673, 0, ;
0.153839, 0.606842, 9.532410, 0, ;
0.149078, 0.580658, 9.506226, 0, ;
0.146698, 0.566376, 9.606201, 0, ;
0.146698, 0.552094, 9.613342, 0, ;
0.132416, 0.592560, 9.541931, 0, ;
0.110992, 0.585419, 9.534790, 0, ;
0.134796, 0.585419, 9.577637, 0, ;
0.168121, 0.609222, 9.406250, 0, ;
0.120514, 0.549713, 9.613342, 0, ;
0.175262, 0.599701, 9.496704, 0, ;
0.132416, 0.575897, 9.506226, 0, ;
0.182404, 0.604462, 9.527649, 0, ;
0.151459, 0.533051, 9.530029, 0, ;
0.170502, 0.525909, 9.532410, 0, ;
0.210968, 0.559235, 9.587158, 0, ;
0.158600, 0.544952, 9.560974, 0, ;
0.165741, 0.580658, 9.551453, 0, ;
0.106232, 0.537811, 9.503845, 0, ;
0.101471, 0.521149, 9.610962, 0, ;
0.134796, 0.547333, 9.482422, 0, ;
0.137177, 0.542572, 9.520508, 0, ;
0.163361, 0.590179, 9.534790, 0, ;
0.189545, 0.485443, 9.534790, 0, ;
0.177643, 0.530670, 9.556213, 0, ;
0.144318, 0.580658, 9.525269, 0, ;
0.187164, 0.637787, 9.484802, 0, ;
0.230011, 0.690155, 9.520508, 0, ;
0.094330, 0.594940, 9.458618, 0, ;
0.234772, 0.656830, 9.608582, 0, ;
0.072906, 0.530670, 9.401489, 0, ;
0.046722, 0.563995, 9.499084, 0, ;
0.237152, 0.611603, 9.477661, 0, ;
0.318085, 0.630646, 9.549072, 0, ;
0.487091, 0.552094, 9.520508, 0, ;
0.675140, 0.654449, 9.489563, 0, ;
0.507599, 0.535416, 9.492538, 0, ;
1.090302, 0.890991, 9.511963, 0, ;
1.706055, 0.588974, 9.279907, 0, ;
1.960587, 0.642639, 9.354462, 0, ;
2.370773, 0.181488, 9.117691, 0, ;
2.526733, -0.021515, 8.805588, 0, ;
2.351746, -0.367828, 9.097855, 0, ;
2.199249, 0.777206, 9.213455, 0, ;
1.507095, 0.829788, 9.232422, 0, ;
0.872894, 0.724075, 9.551498, 0, ;
0.869247, 0.564972, 9.773071, 0, ;
0.744507, 0.957184, 9.290253, 0, ;
1.157776, 0.791107, 9.435806, 0, ;
1.322586, 0.787033, 9.381210, 0, ;
1.342789, 0.808014, 9.296616, 0, ;
0.854706, 0.779266, 9.230469, 0, ;
0.320007, 0.026459, 10.481613, 0, ;
0.754959, 0.679214, 8.888535, 0, ;
0.597687, 0.261047, 9.778259, 0, ;
1.012863, 0.549362, 9.259140, 0, ;
0.971313, 0.592133, 9.520050, 0, ;
0.922699, 0.449875, 9.466827, 0, ;
0.880219, 0.453644, 9.522659, 0, ;
0.901901, 0.492432, 9.445068, 0, ;
0.882202, 0.526825, 9.429672, 0, ;
0.859238, 0.512024, 9.521942, 0, ;
0.763824, 0.509705, 9.459946, 0, ;
0.789413, 0.505280, 9.554657, 0, ;
0.812164, 0.549469, 9.437637, 0, ;
0.632797, 0.515213, 9.511612, 0, ;
0.726105, 0.535049, 9.532684, 0, ;
0.819717, 0.399658, 9.433472, 0, ;
1.037857, 0.382996, 9.468445, 0, ;
1.208557, 0.474503, 9.408203, 0, ;
0.981705, 0.481750, 9.478958, 0, ;
0.856964, 0.510651, 9.467300, 0, ;
0.741867, 0.533051, 9.468735, 0, ;
0.734116, 0.549927, 9.503281, 0, ;
0.756866, 0.539566, 9.486176, 0, ;
0.823517, 0.463898, 9.531189, 0, ;
0.838654, 0.431717, 9.492676, 0, ;
0.918533, 0.476929, 9.508514, 0, ;
0.837204, 0.535370, 9.484894, 0, ;
0.791321, 0.481216, 9.496429, 0, ;
0.818436, 0.487106, 9.492432, 0, ;
0.832825, 0.524658, 9.507660, 0, ;
0.860138, 0.475540, 9.501724, 0, ;
0.870651, 0.483627, 9.462875, 0, ;
0.822693, 0.495636, 9.479385, 0, ;
0.852814, 0.478348, 9.504745, 0, ;
0.858322, 0.494049, 9.490891, 0, ;
0.816238, 0.466125, 9.469971, 0, ;
0.830109, 0.528961, 9.522720, 0, ;
0.834061, 0.518723, 9.462860, 0, ;
0.812790, 0.514481, 9.517303, 0, ;
0.834686, 0.492172, 9.485886, 0, ;
0.867645, 0.505035, 9.462418, 0, ;
0.828552, 0.492020, 9.510284, 0, ;
0.800491, 0.484558, 9.478760, 0, ;
0.834625, 0.464020, 9.458618, 0, ;
0.796539, 0.499725, 9.472900, 0, ;
0.832245, 0.518768, 9.463379, 0, ;
0.820343, 0.514008, 9.465759, 0, ;
0.844147, 0.504486, 9.520508, 0, ;
0.837006, 0.475922, 9.489563, 0, ;
0.813202, 0.506866, 9.513367, 0, ;
0.858429, 0.478302, 9.499084, 0, ;
0.808441, 0.506866, 9.515747, 0, ;
0.839386, 0.518768, 9.508606, 0, ;
0.822723, 0.483063, 9.503845, 0, ;
0.813202, 0.490204, 9.480042, 0, ;
0.870331, 0.485443, 9.572876, 0, ;
0.822723, 0.506866, 9.489563, 0, ;
0.827484, 0.444977, 9.508606, 0, ;
0.801300, 0.506866, 9.570496, 0, ;
0.846527, 0.437836, 9.439575, 0, ;
0.829865, 0.502106, 9.501465, 0, ;
0.789398, 0.506866, 9.530029, 0, ;
0.846527, 0.499725, 9.513367, 0, ;
0.846527, 0.452118, 9.591919, 0, ;
0.820343, 0.504486, 9.441956, 0, ;
0.846527, 0.516388, 9.489563, 0, ;
0.858429, 0.449738, 9.499084, 0, ;
0.782257, 0.528290, 9.489563, 0, ;
0.889374, 0.518768, 9.503845, 0, ;
0.841766, 0.533051, 9.418152, 0, ;
0.825104, 0.506866, 9.465759, 0, ;
0.767975, 0.525909, 9.534790, 0, ;
0.829865, 0.506866, 9.513367, 0, ;
0.846527, 0.502106, 9.496704, 0, ;
0.798920, 0.518768, 9.508606, 0, ;
0.827484, 0.494965, 9.510986, 0, ;
0.891754, 0.523529, 9.396729, 0, ;
0.913177, 0.506866, 9.463379, 0, ;
0.808441, 0.452118, 9.453857, 0, ;
0.808441, 0.485443, 9.527649, 0, ;
0.803680, 0.521149, 9.465759, 0, ;
0.817963, 0.525909, 9.470520, 0, ;
0.820343, 0.502106, 9.549072, 0, ;
0.858429, 0.485443, 9.513367, 0, ;
0.846527, 0.490204, 9.453857, 0, ;
0.791779, 0.483063, 9.465759, 0, ;
0.794159, 0.509247, 9.499084, 0, ;
0.803680, 0.490204, 9.520508, 0, ;
0.820343, 0.528290, 9.453857, 0, ;
0.784637, 0.480682, 9.468140, 0, ;
0.860809, 0.490204, 9.510986, 0, ;
0.867950, 0.516388, 9.432434, 0, ;
0.846527, 0.494965, 9.465759, 0, ;
0.794159, 0.480682, 9.503845, 0, ;
0.839386, 0.504486, 9.513367, 0, ;
0.803680, 0.523529, 9.444336, 0, ;
0.834625, 0.468781, 9.425293, 0, ;
0.825104, 0.466400, 9.501465, 0, ;
0.829865, 0.464020, 9.482422, 0, ;
0.846527, 0.506866, 9.534790, 0, ;
0.848907, 0.514008, 9.468140, 0, ;
0.851288, 0.485443, 9.513367, 0, ;
0.856049, 0.499725, 9.525269, 0, ;
0.782257, 0.518768, 9.463379, 0, ;
0.817963, 0.473541, 9.518127, 0, ;
0.820343, 0.497345, 9.522888, 0, ;
0.848907, 0.497345, 9.489563, 0, ;
0.834625, 0.485443, 9.430054, 0, ;
0.827484, 0.478302, 9.487183, 0, ;
0.810822, 0.549713, 9.446716, 0, ;
0.803680, 0.497345, 9.499084, 0, ;
0.784637, 0.466400, 9.470520, 0, ;
0.832245, 0.506866, 9.572876, 0, ;
0.832245, 0.521149, 9.399109, 0, ;
0.832245, 0.494965, 9.541931, 0, ;
0.794159, 0.511627, 9.361023, 0, ;
0.791779, 0.456879, 9.525269, 0, ;
0.879852, 0.509247, 9.449097, 0, ;
0.827484, 0.456879, 9.530029, 0, ;
0.884613, 0.528290, 9.491943, 0, ;
0.827484, 0.499725, 9.534790, 0, ;
0.853668, 0.492584, 9.484802, 0, ;
0.834625, 0.456879, 9.484802, 0, ;
0.820343, 0.521149, 9.544312, 0, ;
0.801300, 0.490204, 9.465759, 0, ;
0.820343, 0.502106, 9.425293, 0, ;
0.794159, 0.516388, 9.527649, 0, ;
0.751312, 0.521149, 9.591919, 0, ;
0.737030, 0.492584, 9.522888, 0, ;
0.767975, 0.511627, 9.532410, 0, ;
0.827484, 0.473541, 9.491943, 0, ;
0.748932, 0.518768, 9.491943, 0, ;
0.813202, 0.566376, 9.499084, 0, ;
0.696564, 0.485443, 9.411011, 0, ;
0.767975, 0.464020, 9.465759, 0, ;
0.751312, 0.475922, 9.515747, 0, ;
0.732269, 0.540192, 9.508606, 0, ;
0.806061, 0.552094, 9.475281, 0, ;
0.832245, 0.533051, 9.387207, 0, ;
0.827484, 0.473541, 9.499084, 0, ;
0.827484, 0.514008, 9.451477, 0, ;
0.872711, 0.473541, 9.501465, 0, ;
0.898895, 0.444977, 9.525269, 0, ;
0.837006, 0.502106, 9.453857, 0, ;
0.858429, 0.464020, 9.544312, 0, ;
0.827484, 0.485443, 9.420532, 0, ;
0.844147, 0.475922, 9.484802, 0, ;
0.825104, 0.497345, 9.463379, 0, ;
0.756073, 0.494965, 9.522888, 0, ;
0.767975, 0.516388, 9.444336, 0, ;
0.825104, 0.499725, 9.494324, 0, ;
0.837006, 0.459259, 9.544312, 0, ;
0.832245, 0.561615, 9.456238, 0, ;
0.832245, 0.490204, 9.434814, 0, ;
0.801300, 0.523529, 9.434814, 0, ;
0.870331, 0.504486, 9.496704, 0, ;
0.860809, 0.464020, 9.506226, 0, ;
0.801300, 0.440216, 9.532410, 0, ;
0.832245, 0.516388, 9.484802, 0, ;
0.787018, 0.483063, 9.432434, 0, ;
0.820343, 0.516388, 9.453857, 0, ;
0.810822, 0.456879, 9.513367, 0, ;
0.808441, 0.528290, 9.480042, 0, ;
0.817963, 0.523529, 9.594299, 0, ;
0.779877, 0.542572, 9.427673, 0, ;
0.753693, 0.537811, 9.501465, 0, ;
0.737030, 0.518768, 9.456238, 0, ;
0.791779, 0.518768, 9.456238, 0, ;
0.870331, 0.537811, 9.501465, 0, ;
0.720367, 0.542572, 9.510986, 0, ;
0.739410, 0.504486, 9.510986, 0, ;
0.834625, 0.485443, 9.484802, 0, ;
0.801300, 0.494965, 9.570496, 0, ;
0.825104, 0.473541, 9.475281, 0, ;
0.756073, 0.523529, 9.491943, 0, ;
0.798920, 0.518768, 9.544312, 0, ;
0.853668, 0.533051, 9.537170, 0, ;
0.808441, 0.471161, 9.482422, 0, ;
0.839386, 0.456879, 9.465759, 0, ;
0.865570, 0.464020, 9.468140, 0, ;
0.829865, 0.454498, 9.527649, 0, ;
0.882233, 0.492584, 9.463379, 0, ;
0.817963, 0.521149, 9.520508, 0, ;
0.820343, 0.442596, 9.403870, 0, ;
0.934601, 0.487823, 9.425293, 0, ;
0.841766, 0.516388, 9.527649, 0, ;
0.794159, 0.492584, 9.506226, 0, ;
0.875092, 0.511627, 9.472900, 0, ;
0.872711, 0.511627, 9.468140, 0, ;
0.848907, 0.492584, 9.506226, 0, ;
0.832245, 0.525909, 9.489563, 0, ;
0.737030, 0.478302, 9.484802, 0, ;
0.772736, 0.468781, 9.572876, 0, ;
0.796539, 0.504486, 9.441956, 0, ;
0.763214, 0.504486, 9.446716, 0, ;
0.772736, 0.533051, 9.487183, 0, ;
0.772736, 0.514008, 9.496704, 0, ;
0.779877, 0.533051, 9.544312, 0, ;
0.787018, 0.499725, 9.463379, 0, ;
0.717987, 0.542572, 9.539551, 0, ;
0.787018, 0.497345, 9.501465, 0, ;
0.727509, 0.483063, 9.484802, 0, ;
0.829865, 0.475922, 9.530029, 0, ;
0.777496, 0.499725, 9.518127, 0, ;
0.844147, 0.497345, 9.556213, 0, ;
0.779877, 0.490204, 9.460999, 0, ;
0.841766, 0.549713, 9.494324, 0, ;
0.882233, 0.525909, 9.465759, 0, ;
0.860809, 0.494965, 9.499084, 0, ;
0.867950, 0.454498, 9.415771, 0, ;
0.894135, 0.490204, 9.470520, 0, ;
0.779877, 0.421173, 9.484802, 0, ;
0.767975, 0.421173, 9.527649, 0, ;
0.803680, 0.480682, 9.441956, 0, ;
0.848907, 0.502106, 9.413391, 0, ;
0.825104, 0.514008, 9.408630, 0, ;
0.832245, 0.511627, 9.499084, 0, ;
0.858429, 0.473541, 9.458618, 0, ;
0.827484, 0.497345, 9.453857, 0, ;
0.803680, 0.516388, 9.518127, 0, ;
0.820343, 0.530670, 9.499084, 0, ;
0.772736, 0.528290, 9.465759, 0, ;
0.772736, 0.499725, 9.570496, 0, ;
0.789398, 0.516388, 9.494324, 0, ;
0.801300, 0.464020, 9.520508, 0, ;
0.727509, 0.528290, 9.499084, 0, ;
0.803680, 0.506866, 9.487183, 0, ;
0.782257, 0.514008, 9.482422, 0, ;
0.779877, 0.511627, 9.434814, 0, ;
0.758453, 0.544952, 9.527649, 0, ;
0.767975, 0.516388, 9.480042, 0, ;
0.777496, 0.544952, 9.575256, 0, ;
0.756073, 0.506866, 9.539551, 0, ;
0.822723, 0.547333, 9.506226, 0, ;
0.827484, 0.473541, 9.444336, 0, ;
0.729889, 0.525909, 9.477661, 0, ;
0.813202, 0.461639, 9.506226, 0, ;
0.798920, 0.487823, 9.577637, 0, ;
0.822723, 0.497345, 9.520508, 0, ;
0.706085, 0.506866, 9.482422, 0, ;
0.720367, 0.585419, 9.432434, 0, ;
0.634674, 0.537811, 9.537170, 0, ;
0.803680, 0.492584, 9.453857, 0, ;
0.798920, 0.466400, 9.458618, 0, ;
0.827484, 0.487823, 9.470520, 0, ;
0.705017, 0.576675, 9.496704, 0, ;
0.740341, 0.514984, 9.460068, 0, ;
0.803101, 0.477585, 9.480927, 0, ;
0.755463, 0.500931, 9.466141, 0, ;
0.764221, 0.528854, 9.513626, 0, ;
0.785721, 0.500183, 9.506149, 0, ;
0.844543, 0.464722, 9.509232, 0, ;
0.782883, 0.457718, 9.585358, 0, ;
0.737457, 0.477295, 9.439941, 0, ;
0.725464, 0.444427, 9.465912, 0, ;
0.826950, 0.530045, 9.518448, 0, ;
0.732635, 0.476364, 9.526031, 0, ;
0.729004, 0.513382, 9.468491, 0, ;
0.743195, 0.506561, 9.484787, 0, ;
0.739227, 0.548004, 9.481857, 0, ;
0.796539, 0.487823, 9.503845, 0, ;
0.772736, 0.575897, 9.515747, 0, ;
0.746552, 0.561615, 9.482422, 0, ;
0.744171, 0.452118, 9.487183, 0, ;
0.770355, 0.528290, 9.589539, 0, ;
0.789398, 0.530670, 9.499084, 0, ;
0.789398, 0.528290, 9.468140, 0, ;
0.739410, 0.521149, 9.506226, 0, ;
0.744171, 0.502106, 9.515747, 0, ;
0.679901, 0.504486, 9.489563, 0, ;
0.706085, 0.535431, 9.515747, 0, ;
0.737030, 0.566376, 9.508606, 0, ;
0.706085, 0.499725, 9.306274, 0, ;
0.725128, 0.404510, 9.663330, 0, ;
0.770355, 0.511627, 9.468140, 0, ;
0.765594, 0.504486, 9.361023, 0, ;
0.828857, 0.486359, 9.424515, 0, ;
0.820328, 0.498169, 9.514206, 0, ;
0.767441, 0.461426, 9.510895, 0, ;
0.828857, 0.493011, 9.504807, 0, ;
0.780533, 0.469498, 9.471085, 0, ;
0.804443, 0.488205, 9.535187, 0, ;
0.797150, 0.473526, 9.489578, 0, ;
0.761581, 0.474915, 9.480988, 0, ;
0.741943, 0.519424, 9.519135, 0, ;
0.827057, 0.465775, 9.470352, 0, ;
0.768692, 0.488617, 9.453705, 0, ;
0.770294, 0.497391, 9.512787, 0, ;
0.791245, 0.511353, 9.478546, 0, ;
0.798508, 0.514984, 9.473373, 0, ;
0.746872, 0.520447, 9.503479, 0, ;
0.744171, 0.521149, 9.568115, 0, ;
0.763214, 0.518768, 9.501465, 0, ;
0.779877, 0.490204, 9.572876, 0, ;
0.758453, 0.490204, 9.496704, 0, ;
0.777496, 0.475922, 9.506226, 0, ;
0.770355, 0.535431, 9.496704, 0, ;
0.794159, 0.497345, 9.484802, 0, ;
0.779877, 0.525909, 9.494324, 0, ;
0.779877, 0.497345, 9.558594, 0, ;
0.784637, 0.511627, 9.430054, 0, ;
0.782257, 0.483063, 9.468140, 0, ;
0.806061, 0.525909, 9.427673, 0, ;
0.794159, 0.509247, 9.532410, 0, ;
0.798920, 0.528290, 9.463379, 0, ;
0.787018, 0.494965, 9.496704, 0, ;
0.779877, 0.537811, 9.503845, 0, ;
0.796539, 0.511627, 9.494324, 0, ;
0.772736, 0.542572, 9.527649, 0, ;
0.775116, 0.478302, 9.422913, 0, ;
0.775116, 0.533051, 9.541931, 0, ;
0.770355, 0.514008, 9.499084, 0, ;
0.791779, 0.471161, 9.568115, 0, ;
0.798920, 0.504486, 9.463379, 0, ;
0.782257, 0.535431, 9.463379, 0, ;
0.772736, 0.433075, 9.510986, 0, ;
0.820343, 0.549713, 9.515747, 0, ;
0.798920, 0.509247, 9.489563, 0, ;
0.822723, 0.473541, 9.434814, 0, ;
0.796539, 0.464020, 9.532410, 0, ;
0.791779, 0.504486, 9.587158, 0, ;
0.789398, 0.480682, 9.494324, 0, ;
0.815582, 0.471161, 9.472900, 0, ;
0.839386, 0.440216, 9.449097, 0, ;
0.839386, 0.499725, 9.501465, 0, ;
0.803680, 0.490204, 9.506226, 0, ;
0.808441, 0.490204, 9.456238, 0, ;
0.794159, 0.573517, 9.453857, 0, ;
0.779877, 0.480682, 9.484802, 0, ;
0.770355, 0.468781, 9.534790, 0, ;
0.829865, 0.571136, 9.491943, 0, ;
0.763214, 0.528290, 9.520508, 0, ;
0.813202, 0.499725, 9.468140, 0, ;
0.808441, 0.487823, 9.558594, 0, ;
0.794159, 0.530670, 9.494324, 0, ;
0.794159, 0.516388, 9.482422, 0, ;
0.810822, 0.533051, 9.487183, 0, ;
0.796539, 0.516388, 9.446716, 0, ;
0.753693, 0.492584, 9.427673, 0, ;
0.744171, 0.514008, 9.510986, 0, ;
0.772736, 0.525909, 9.418152, 0, ;
0.822723, 0.528290, 9.513367, 0, ;
0.789398, 0.478302, 9.510986, 0, ;
0.779877, 0.509247, 9.577637, 0, ;
0.770355, 0.556854, 9.439575, 0, ;
0.810822, 0.480682, 9.496704, 0, ;
0.803680, 0.509247, 9.541931, 0, ;
0.803680, 0.514008, 9.549072, 0, ;
0.803680, 0.514008, 9.501465, 0, ;
0.756073, 0.494965, 9.465759, 0, ;
0.789398, 0.485443, 9.453857, 0, ;
0.767975, 0.492584, 9.449097, 0, ;
0.839386, 0.521149, 9.494324, 0, ;
0.772736, 0.452118, 9.491943, 0, ;
0.789398, 0.487823, 9.522888, 0, ;
0.817963, 0.459259, 9.520508, 0, ;
0.820343, 0.497345, 9.460999, 0, ;
0.758453, 0.530670, 9.470520, 0, ;
0.770355, 0.521149, 9.446716, 0, ;
0.841766, 0.452118, 9.553833, 0, ;
0.834625, 0.530670, 9.463379, 0, ;
0.798920, 0.492584, 9.482422, 0, ;
0.794159, 0.494965, 9.420532, 0, ;
0.806061, 0.480682, 9.453857, 0, ;
0.820343, 0.502106, 9.503845, 0, ;
0.763214, 0.504486, 9.527649, 0, ;
0.803680, 0.487823, 9.506226, 0, ;
0.779877, 0.514008, 9.556213, 0, ;
0.794159, 0.580658, 9.458618, 0, ;
0.770355, 0.433075, 9.480042, 0, ;
0.789398, 0.483063, 9.444336, 0, ;
0.784637, 0.516388, 9.489563, 0, ;
0.751312, 0.466400, 9.496704, 0, ;
0.798920, 0.504486, 9.508606, 0, ;
0.760834, 0.475922, 9.556213, 0, ;
0.779877, 0.509247, 9.491943, 0, ;
0.775116, 0.514008, 9.451477, 0, ;
0.734650, 0.464020, 9.506226, 0, ;
0.803680, 0.497345, 9.477661, 0, ;
0.801300, 0.435455, 9.532410, 0, ;
0.837006, 0.499725, 9.499084, 0, ;
0.784637, 0.492584, 9.508606, 0, ;
0.810822, 0.452118, 9.484802, 0, ;
0.806061, 0.499725, 9.506226, 0, ;
0.791779, 0.494965, 9.460999, 0, ;
0.829865, 0.511627, 9.556213, 0, ;
0.848907, 0.511627, 9.482422, 0, ;
0.729889, 0.480682, 9.470520, 0, ;
0.746552, 0.528290, 9.480042, 0, ;
0.820343, 0.494965, 9.546692, 0, ;
0.772736, 0.535431, 9.458618, 0, ;
0.758453, 0.485443, 9.503845, 0, ;
0.858429, 0.523529, 9.501465, 0, ;
0.741791, 0.492584, 9.477661, 0, ;
0.841766, 0.487823, 9.453857, 0, ;
0.772736, 0.468781, 9.539551, 0, ;
0.841766, 0.528290, 9.546692, 0, ;
0.782257, 0.490204, 9.463379, 0, ;
0.756073, 0.514008, 9.382446, 0, ;
0.832245, 0.516388, 9.518127, 0, ;
0.787018, 0.506866, 9.520508, 0, ;
0.779877, 0.523529, 9.537170, 0, ;
0.787018, 0.511627, 9.451477, 0, ;
0.815582, 0.554474, 9.508606, 0, ;
0.834625, 0.542572, 9.482422, 0, ;
0.822723, 0.540192, 9.451477, 0, ;
0.806061, 0.502106, 9.470520, 0, ;
0.860809, 0.492584, 9.568115, 0, ;
0.791779, 0.485443, 9.468140, 0, ;
0.751312, 0.480682, 9.518127, 0, ;
0.820343, 0.478302, 9.506226, 0, ;
0.827484, 0.521149, 9.513367, 0, ;
0.796539, 0.483063, 9.470520, 0, ;
0.851288, 0.504486, 9.477661, 0, ;
0.806061, 0.478302, 9.506226, 0, ;
0.772736, 0.416412, 9.563354, 0, ;
0.827484, 0.528290, 9.522888, 0, ;
0.787018, 0.497345, 9.494324, 0, ;
0.844147, 0.447357, 9.403870, 0, ;
0.822723, 0.480682, 9.489563, 0, ;
0.758453, 0.490204, 9.527649, 0, ;
0.787018, 0.575897, 9.391968, 0, ;
0.856049, 0.528290, 9.515747, 0, ;
0.741791, 0.466400, 9.472900, 0, ;
0.765594, 0.437836, 9.563354, 0, ;
0.870331, 0.530670, 9.403870, 0, ;
0.758453, 0.547333, 9.470520, 0, ;
0.779877, 0.506866, 9.525269, 0, ;
0.734650, 0.466400, 9.553833, 0, ;
0.894135, 0.587799, 9.489563, 0, ;
0.813202, 0.571136, 9.563354, 0, ;
0.779266, 0.500504, 9.483414, 0, ;
0.810501, 0.507980, 9.494247, 0, ;
0.789841, 0.510147, 9.491714, 0, ;
0.792023, 0.483978, 9.413818, 0, ;
0.789734, 0.496918, 9.514053, 0, ;
0.813141, 0.493454, 9.495544, 0, ;
0.774231, 0.493530, 9.497498, 0, ;
0.809372, 0.518677, 9.472488, 0, ;
0.820663, 0.504288, 9.498199, 0, ;
0.770508, 0.496078, 9.517166, 0, ;
0.794403, 0.484726, 9.484802, 0, ;
0.835037, 0.492126, 9.481552, 0, ;
0.772034, 0.515823, 9.489227, 0, ;
0.796463, 0.487259, 9.454132, 0, ;
0.791916, 0.436813, 9.461838, 0, ;
0.753693, 0.492584, 9.439575, 0, ;
0.777496, 0.497345, 9.475281, 0, ;
0.782257, 0.514008, 9.503845, 0, ;
0.834625, 0.506866, 9.456238, 0, ;
0.853668, 0.521149, 9.534790, 0, ;
0.808441, 0.506866, 9.444336, 0, ;
0.732269, 0.504486, 9.451477, 0, ;
0.758453, 0.492584, 9.563354, 0, ;
0.796539, 0.530670, 9.484802, 0, ;
0.732269, 0.530670, 9.491943, 0, ;
0.829865, 0.516388, 9.518127, 0, ;
0.772736, 0.478302, 9.403870, 0, ;
0.825104, 0.533051, 9.477661, 0, ;
0.777496, 0.454498, 9.465759, 0, ;
0.803680, 0.478302, 9.553833, 0, ;
0.784637, 0.549713, 9.460999, 0, ;
0.772736, 0.506866, 9.458618, 0, ;
0.779877, 0.502106, 9.432434, 0, ;
0.794159, 0.506866, 9.572876, 0, ;
0.808441, 0.514008, 9.499084, 0, ;
0.810822, 0.559235, 9.541931, 0, ;
0.777496, 0.511627, 9.480042, 0, ;
0.817963, 0.492584, 9.551453, 0, ;
0.772736, 0.466400, 9.487183, 0, ;
0.798920, 0.528290, 9.565735, 0, ;
0.815582, 0.542572, 9.434814, 0, ;
0.784637, 0.480682, 9.460999, 0, ;
0.825104, 0.521149, 9.425293, 0, ;
0.765594, 0.475922, 9.470520, 0, ;
0.791779, 0.547333, 9.444336, 0, ;
0.798920, 0.542572, 9.520508, 0, ;
0.767975, 0.504486, 9.472900, 0, ;
0.822723, 0.494965, 9.489563, 0, ;
0.794159, 0.471161, 9.510986, 0, ;
0.779877, 0.485443, 9.499084, 0, ;
0.803680, 0.540192, 9.437195, 0, ;
0.753693, 0.456879, 9.484802, 0, ;
0.829865, 0.485443, 9.480042, 0, ;
0.791779, 0.490204, 9.603821, 0, ;
0.808441, 0.483063, 9.437195, 0, ;
0.841766, 0.478302, 9.480042, 0, ;
0.825104, 0.473541, 9.522888, 0, ;
0.756073, 0.499725, 9.487183, 0, ;
0.770355, 0.473541, 9.541931, 0, ;
0.796539, 0.475922, 9.553833, 0, ;
0.784637, 0.552094, 9.470520, 0, ;
0.803680, 0.509247, 9.549072, 0, ;
0.798920, 0.554474, 9.363403, 0, ;
0.782257, 0.540192, 9.558594, 0, ;
0.784637, 0.504486, 9.475281, 0, ;
0.777496, 0.497345, 9.472900, 0, ;
0.798920, 0.497345, 9.532410, 0, ;
0.784637, 0.509247, 9.491943, 0, ;
0.801300, 0.540192, 9.472900, 0, ;
0.763214, 0.502106, 9.544312, 0, ;
0.817963, 0.556854, 9.475281, 0, ;
0.777496, 0.492584, 9.565735, 0, ;
0.791779, 0.528290, 9.451477, 0, ;
0.782257, 0.514008, 9.470520, 0, ;
0.832245, 0.528290, 9.522888, 0, ;
0.770355, 0.516388, 9.496704, 0, ;
0.796539, 0.516388, 9.468140, 0, ;
0.827484, 0.518768, 9.458618, 0, ;
0.820343, 0.497345, 9.551453, 0, ;
0.770355, 0.514008, 9.389587, 0, ;
0.787018, 0.478302, 9.470520, 0, ;
0.851288, 0.523529, 9.477661, 0, ;
0.798920, 0.490204, 9.534790, 0, ;
0.741791, 0.533051, 9.456238, 0, ;
0.775116, 0.525909, 9.487183, 0, ;
0.815582, 0.487823, 9.520508, 0, ;
0.853668, 0.521149, 9.501465, 0, ;
0.770355, 0.478302, 9.513367, 0, ;
0.815582, 0.475922, 9.577637, 0, ;
0.806061, 0.516388, 9.522888, 0, ;
0.834625, 0.471161, 9.489563, 0, ;
0.827484, 0.494965, 9.387207, 0, ;
0.787018, 0.478302, 9.520508, 0, ;
0.798920, 0.478302, 9.501465, 0, ;
0.848907, 0.480682, 9.508606, 0, ;
0.777496, 0.504486, 9.489563, 0, ;
0.834625, 0.540192, 9.458618, 0, ;
0.815582, 0.540192, 9.508606, 0, ;
0.810822, 0.521149, 9.484802, 0, ;
0.770355, 0.537811, 9.503845, 0, ;
0.829865, 0.490204, 9.522888, 0, ;
0.837006, 0.547333, 9.484802, 0, ;
0.791779, 0.542572, 9.463379, 0, ;
0.777496, 0.518768, 9.477661, 0, ;
0.784637, 0.518768, 9.537170, 0, ;
0.810822, 0.554474, 9.527649, 0, ;
0.815582, 0.523529, 9.487183, 0, ;
0.794159, 0.442596, 9.506226, 0, ;
0.779877, 0.544952, 9.425293, 0, ;
0.815582, 0.494965, 9.475281, 0, ;
0.772736, 0.499725, 9.468140, 0, ;
0.832245, 0.506866, 9.541931, 0, ;
0.841766, 0.528290, 9.508606, 0, ;
0.798920, 0.547333, 9.534790, 0, ;
0.813202, 0.547333, 9.463379, 0, ;
0.789398, 0.492584, 9.427673, 0, ;
0.791779, 0.514008, 9.491943, 0, ;
0.822723, 0.514008, 9.560974, 0, ;
0.798920, 0.537811, 9.518127, 0, ;
0.817963, 0.456879, 9.501465, 0, ;
0.839386, 0.483063, 9.406250, 0, ;
0.834625, 0.506866, 9.563354, 0, ;
0.791779, 0.528290, 9.401489, 0, ;
0.853668, 0.502106, 9.563354, 0, ;
0.789398, 0.475922, 9.456238, 0, ;
0.775116, 0.514008, 9.515747, 0, ;
0.817963, 0.437836, 9.522888, 0, ;
0.870331, 0.502106, 9.503845, 0, ;
0.844147, 0.494965, 9.484802, 0, ;
0.841766, 0.464020, 9.484802, 0, ;
0.844147, 0.521149, 9.434814, 0, ;
0.806061, 0.525909, 9.546692, 0, ;
0.775116, 0.528290, 9.465759, 0, ;
0.794159, 0.490204, 9.468140, 0, ;
0.744171, 0.528290, 9.465759, 0, ;
0.789398, 0.497345, 9.480042, 0, ;
0.856049, 0.516388, 9.456238, 0, ;
0.756073, 0.464020, 9.522888, 0, ;
0.820343, 0.547333, 9.465759, 0, ;
0.813202, 0.454498, 9.613342, 0, ;
0.794159, 0.516388, 9.522888, 0, ;
0.782257, 0.502106, 9.477661, 0, ;
0.803680, 0.511627, 9.496704, 0, ;
0.765594, 0.475922, 9.527649, 0, ;
0.865570, 0.587799, 9.444336, 0, ;
0.865570, 0.578278, 9.489563, 0, ;
0.753693, 0.525909, 9.484802, 0, ;
0.746552, 0.504486, 9.494324, 0, ;
0.863190, 0.559235, 9.456238, 0, ;
0.829865, 0.454498, 9.463379, 0, ;
0.860809, 0.502106, 9.496704, 0, ;
0.779877, 0.464020, 9.468140, 0, ;
0.815582, 0.523529, 9.522888, 0, ;
0.760834, 0.483063, 9.477661, 0, ;
0.784637, 0.497345, 9.453857, 0, ;
0.865570, 0.468781, 9.427673, 0, ;
0.856049, 0.466400, 9.496704, 0, ;
0.810822, 0.475922, 9.515747, 0, ;
0.806061, 0.506866, 9.501465, 0, ;
0.846527, 0.568756, 9.456238, 0, ;
0.748932, 0.511627, 9.458618, 0, ;
0.815582, 0.480682, 9.482422, 0, ;
0.791779, 0.468781, 9.525269, 0, ;
0.813202, 0.504486, 9.472900, 0, ;
0.820343, 0.485443, 9.522888, 0, ;
0.817963, 0.514008, 9.501465, 0, ;
0.822723, 0.544952, 9.496704, 0, ;
0.841766, 0.502106, 9.449097, 0, ;
0.837006, 0.504486, 9.463379, 0, ;
0.770355, 0.506866, 9.546692, 0, ;
0.827484, 0.521149, 9.530029, 0, ;
0.834625, 0.511627, 9.475281, 0, ;
0.817963, 0.502106, 9.446716, 0, ;
0.801300, 0.485443, 9.510986, 0, ;
0.844147, 0.552094, 9.399109, 0, ;
0.782257, 0.490204, 9.534790, 0, ;
0.827484, 0.497345, 9.468140, 0, ;
0.787018, 0.487823, 9.522888, 0, ;
0.839386, 0.537811, 9.470520, 0, ;
0.784637, 0.509247, 9.530029, 0, ;
0.791779, 0.523529, 9.456238, 0, ;
0.789398, 0.521149, 9.458618, 0, ;
0.841766, 0.552094, 9.456238, 0, ;
0.798920, 0.506866, 9.458618, 0, ;
0.813202, 0.433075, 9.639526, 0, ;
0.827484, 0.485443, 9.482422, 0, ;
0.858429, 0.518768, 9.477661, 0, ;
0.825104, 0.528290, 9.456238, 0, ;
0.860809, 0.547333, 9.453857, 0, ;
0.822723, 0.542572, 9.544312, 0, ;
0.837006, 0.537811, 9.472900, 0, ;
0.832245, 0.490204, 9.449097, 0, ;
0.808441, 0.452118, 9.482422, 0, ;
0.794159, 0.502106, 9.496704, 0, ;
0.841766, 0.537811, 9.408630, 0, ;
0.827484, 0.461639, 9.477661, 0, ;
0.796539, 0.459259, 9.532410, 0, ;
0.820343, 0.506866, 9.544312, 0, ;
0.777496, 0.530670, 9.513367, 0, ;
0.846527, 0.544952, 9.484802, 0, ;
0.841766, 0.525909, 9.506226, 0, ;
0.808441, 0.525909, 9.546692, 0, ;
0.827484, 0.499725, 9.508606, 0, ;
0.848907, 0.542572, 9.458618, 0, ;
0.796539, 0.542572, 9.439575, 0, ;
0.751312, 0.492584, 9.568115, 0, ;
0.817963, 0.502106, 9.499084, 0, ;
0.798920, 0.509247, 9.377686, 0, ;
0.801300, 0.516388, 9.496704, 0, ;
0.815582, 0.502106, 9.508606, 0, ;
0.829865, 0.597321, 9.477661, 0, ;
0.779877, 0.452118, 9.515747, 0, ;
0.820343, 0.464020, 9.513367, 0, ;
0.808441, 0.537811, 9.451477, 0, ;
0.713226, 0.530670, 9.549072, 0, ;
0.772736, 0.506866, 9.425293, 0, ;
0.796539, 0.559235, 9.558594, 0, ;
0.784637, 0.461639, 9.418152, 0, ;
0.817963, 0.480682, 9.520508, 0, ;
0.841766, 0.471161, 9.522888, 0, ;
0.813202, 0.492584, 9.472900, 0, ;
0.825104, 0.485443, 9.556213, 0, ;
0.746552, 0.478302, 9.463379, 0, ;
0.867950, 0.478302, 9.568115, 0, ;
0.829865, 0.559235, 9.446716, 0, ;
0.725128, 0.490204, 9.513367, 0, ;
0.829865, 0.554474, 9.518127, 0, ;
0.789398, 0.471161, 9.527649, 0, ;
0.779877, 0.556854, 9.465759, 0, ;
0.715607, 0.530670, 9.487183, 0, ;
0.779877, 0.494965, 9.627625, 0, ;
0.960785, 0.535431, 9.458618, 0, ;
0.979828, 0.494965, 9.501465, 0, ;
0.705032, 0.502487, 9.523621, 0, ;
0.790848, 0.527008, 9.512543, 0, ;
0.985001, 0.551254, 9.488434, 0, ;
1.117035, 0.514343, 9.444000, 0, ;
1.009125, 0.511200, 9.471970, 0, ;
0.864960, 0.511673, 9.524963, 0, ;
0.842056, 0.539429, 9.496399, 0, ;
1.078857, 0.623657, 9.361496, 0, ;
1.139130, 0.481186, 9.513550, 0, ;
1.345917, 0.495407, 9.422913, 0, ;
1.364334, 0.480453, 9.445206, 0, ;
1.396790, 0.505936, 9.425430, 0, ;
1.316269, 0.436356, 9.455276, 0, ;
1.241180, 0.532166, 9.410995, 0, ;
1.251465, 0.468567, 9.459152, 0, ;
1.189178, 0.416367, 9.488037, 0, ;
1.162277, 0.425125, 9.562027, 0, ;
1.196823, 0.453400, 9.494446, 0, ;
1.132172, 0.568756, 9.464813, 0, ;
1.083115, 0.524368, 9.445587, 0, ;
0.993286, 0.517136, 9.507858, 0, ;
1.136765, 0.485764, 9.526474, 0, ;
1.396790, 0.669571, 9.270081, 0, ;
0.868851, 0.505264, 9.552521, 0, ;
0.837875, 0.575790, 9.545807, 0, ;
1.158966, 0.574814, 9.469986, 0, ;
1.455612, 0.432297, 9.434570, 0, ;
1.596222, 0.443329, 9.409393, 0, ;
1.350830, 0.507675, 9.413010, 0, ;
1.073929, 0.366226, 9.484055, 0, ;
1.065308, 0.444855, 9.547852, 0, ;
1.179749, 0.550034, 9.418808, 0, ;
1.228577, 0.522797, 9.430588, 0, ;
1.297638, 0.485916, 9.486877, 0, ;
1.127960, 0.502136, 9.416748, 0, ;
1.035934, 0.467682, 9.488800, 0, ;
0.920059, 0.378311, 9.498947, 0, ;
0.924438, 0.421463, 9.505936, 0, ;
1.052673, 0.636734, 9.428024, 0, ;
1.106079, 0.693054, 9.563950, 0, ;
1.209305, 0.621094, 9.350830, 0, ;
1.041824, 0.471359, 9.471252, 0, ;
0.806793, 0.381897, 9.494202, 0, ;
0.865036, 0.527344, 9.494614, 0, ;
0.933121, 0.602020, 9.391617, 0, ;
0.454178, 0.494003, 9.620956, 0, ;
0.227707, 0.520233, 9.567551, 0, ;
0.579376, 0.689758, 9.390594, 0, ;
0.764603, 0.672104, 9.552704, 0, ;
0.789856, 0.692490, 9.468811, 0, ;
0.822098, 0.508362, 9.470673, 0, ;
0.945480, 0.668884, 9.393158, 0, ;
0.743744, 0.571686, 9.464294, 0, ;
0.779572, 0.620102, 9.494629, 0, ;
0.580231, 0.484421, 9.686478, 0, ;
0.613846, 0.591858, 9.571869, 0, ;
0.407013, 0.569550, 9.526184, 0, ;
0.547623, 0.610382, 9.475266, 0, ;
0.758560, 0.550476, 9.505463, 0, ;
0.999268, 0.550095, 9.394333, 0, ;
0.878174, 0.597488, 9.430283, 0, ;
0.516876, 0.583939, 9.535263, 0, ;
0.492996, 0.630249, 9.510742, 0, ;
0.697083, 0.588882, 9.532257, 0, ;
0.813858, 0.521210, 9.416672, 0, ;
0.787064, 0.463425, 9.521240, 0, ;
0.823410, 0.578323, 9.461746, 0, ;
0.941116, 0.699814, 9.446686, 0, ;
0.626938, 0.690460, 9.469864, 0, ;
0.372925, 0.589157, 9.574509, 0, ;
0.466049, 0.645721, 9.629379, 0, ;
0.583282, 0.656830, 9.492584, 0, ;
0.622528, 0.656830, 9.454163, 0, ;
0.664261, 0.551971, 9.525131, 0, ;
0.889160, 0.557236, 9.483322, 0, ;
0.940918, 0.501343, 9.389389, 0, ;
0.904175, 0.590515, 9.483688, 0, ;
0.633530, 0.476349, 9.545929, 0, ;
0.658676, 0.461517, 9.509628, 0, ;
0.964706, 0.512421, 9.422562, 0, ;
1.132553, 0.625137, 9.371918, 0, ;
0.803268, 0.649460, 9.493713, 0, ;
0.705322, 0.689514, 9.508514, 0, ;
0.479401, 0.624847, 9.549240, 0, ;
0.526855, 0.584976, 9.403625, 0, ;
0.626068, 0.503555, 9.578293, 0, ;
0.700775, 0.585251, 9.566345, 0, ;
0.521423, 0.714066, 9.469986, 0, ;
0.575470, 0.655075, 9.548492, 0, ;
0.568878, 0.405975, 9.489059, 0, ;
0.927185, 0.371780, 9.552856, 0, ;
1.114441, 0.585449, 9.422043, 0, ;
0.874527, 0.529800, 9.577835, 0, ;
0.784897, 0.497818, 9.463531, 0, ;
1.126175, 0.521408, 9.423782, 0, ;
1.366028, 0.631699, 9.375381, 0, ;
0.961533, 0.453232, 9.531738, 0, ;
0.658966, 0.405350, 9.576202, 0, ;
0.601349, 0.578278, 9.603821, 0, ;
0.775803, 0.640625, 9.455627, 0, ;
0.830475, 0.569672, 9.467606, 0, ;
0.787827, 0.560242, 9.529678, 0, ;
0.813675, 0.553146, 9.474609, 0, ;
0.839905, 0.572968, 9.503616, 0, ;
0.790237, 0.610977, 9.426132, 0, ;
0.715347, 0.610291, 9.518066, 0, ;
0.658554, 0.609985, 9.544617, 0, ;
0.698563, 0.579742, 9.564804, 0, ;
0.721756, 0.598862, 9.454498, 0, ;
0.744690, 0.514526, 9.556763, 0, ;
0.768219, 0.546677, 9.505447, 0, ;
0.825455, 0.567810, 9.530731, 0, ;
0.771622, 0.549881, 9.494507, 0, ;
0.761749, 0.500458, 9.514923, 0, ;
0.814148, 0.580261, 9.474686, 0, ;
0.755005, 0.614395, 9.524673, 0, ;
0.765121, 0.530914, 9.504349, 0, ;
0.872330, 0.521500, 9.474930, 0, ;
0.807602, 0.465179, 9.480637, 0, ;
0.765747, 0.646973, 9.469177, 0, ;
0.628601, 0.593399, 9.537949, 0, ;
0.788589, 0.594193, 9.425400, 0, ;
0.901718, 0.530411, 9.441513, 0, ;
0.750504, 0.488068, 9.478485, 0, ;
0.725082, 0.527374, 9.464371, 0, ;
0.746643, 0.581894, 9.491348, 0, ;
0.714340, 0.575897, 9.439026, 0, ;
0.810928, 0.563522, 9.521149, 0, ;
0.747742, 0.539154, 9.488068, 0, ;
0.580414, 0.404922, 9.548859, 0, ;
0.712875, 0.492355, 9.463882, 0, ;
0.834015, 0.553177, 9.514221, 0, ;
0.797867, 0.540176, 9.557526, 0, ;
0.770325, 0.493546, 9.496368, 0, ;
0.786789, 0.561050, 9.493790, 0, ;
0.625702, 0.599289, 9.490524, 0, ;
0.652283, 0.551361, 9.516815, 0, ;
0.706131, 0.547775, 9.552399, 0, ;
0.646576, 0.593964, 9.454834, 0, ;
0.680374, 0.502319, 9.502274, 0, ;
0.727753, 0.485184, 9.519135, 0, ;
0.705414, 0.512817, 9.491074, 0, ;
0.777954, 0.559525, 9.449112, 0, ;
0.611649, 0.451813, 9.574051, 0, ;
0.669312, 0.558853, 9.478287, 0, ;
0.586884, 0.552567, 9.563904, 0, ;
0.739899, 0.714371, 9.390442, 0, ;
0.769684, 0.562042, 9.491257, 0, ;
0.846298, 0.476974, 9.392731, 0, ;
0.994965, 0.504150, 9.470718, 0, ;
0.900421, 0.590424, 9.412415, 0, ;
0.722610, 0.605011, 9.457352, 0, ;
0.491837, 0.566864, 9.574768, 0, ;
0.440338, 0.562943, 9.533539, 0, ;
0.522522, 0.593521, 9.488937, 0, ;
0.615173, 0.537643, 9.505127, 0, ;
0.711456, 0.565842, 9.527603, 0, ;
0.760681, 0.579208, 9.504913, 0, ;
0.651642, 0.575455, 9.496277, 0, ;
0.577637, 0.586365, 9.529510, 0, ;
0.636978, 0.545013, 9.484863, 0, ;
0.640228, 0.528870, 9.565643, 0, ;
0.698608, 0.560562, 9.519424, 0, ;
0.741791, 0.572800, 9.515945, 0, ;
0.728836, 0.565582, 9.537308, 0, ;
0.619400, 0.543701, 9.498184, 0, ;
0.659088, 0.537186, 9.504181, 0, ;
0.649979, 0.528107, 9.486160, 0, ;
0.683395, 0.538132, 9.502228, 0, ;
0.711426, 0.578568, 9.462952, 0, ;
0.698532, 0.572128, 9.530640, 0, ;
0.645096, 0.587296, 9.424652, 0, ;
0.642456, 0.563477, 9.537689, 0, ;
0.674194, 0.581314, 9.459351, 0, ;
0.681976, 0.518250, 9.455750, 0, ;
0.701981, 0.550156, 9.448807, 0, ;
0.677521, 0.517242, 9.518021, 0, ;
0.686737, 0.541260, 9.529190, 0, ;
0.658478, 0.566376, 9.439575, 0, ;
0.653717, 0.563995, 9.522888, 0, ;
0.677521, 0.544952, 9.553833, 0, ;
0.701324, 0.573517, 9.487183, 0, ;
0.698944, 0.587799, 9.513367, 0, ;
0.701324, 0.578278, 9.501465, 0, ;
0.637054, 0.542572, 9.596680, 0, ;
0.677521, 0.573517, 9.487183, 0, ;
0.679901, 0.571136, 9.480042, 0, ;
0.641815, 0.542572, 9.572876, 0, ;
0.613251, 0.568756, 9.508606, 0, ;
0.670380, 0.554474, 9.556213, 0, ;
0.729889, 0.599701, 9.420532, 0, ;
0.651337, 0.563995, 9.544312, 0, ;
0.696564, 0.599701, 9.411011, 0, ;
0.725128, 0.559235, 9.515747, 0, ;
0.708466, 0.504486, 9.541931, 0, ;
0.698944, 0.549713, 9.434814, 0, ;
0.632294, 0.533051, 9.444336, 0, ;
0.682281, 0.613983, 9.468140, 0, ;
0.634674, 0.547333, 9.499084, 0, ;
0.665619, 0.575897, 9.465759, 0, ;
0.667999, 0.521149, 9.499084, 0, ;
0.691803, 0.556854, 9.408630, 0, ;
0.646576, 0.628265, 9.506226, 0, ;
0.698944, 0.530670, 9.496704, 0, ;
0.634674, 0.430695, 9.470520, 0, ;
0.891754, 0.566376, 9.394348, 0, ;
0.748932, 0.547333, 9.534790, 0, ;
0.598969, 0.566376, 9.480042, 0, ;
0.568024, 0.583038, 9.513367, 0, ;
0.734650, 0.509247, 9.311035, 0, ;
0.646423, 0.603027, 9.448761, 0, ;
0.530746, 0.561417, 9.558258, 0, ;
0.455429, 0.421478, 9.676910, 0, ;
1.383408, 0.704956, 9.350876, 0, ;
0.939560, 0.472137, 9.531052, 0, ;
0.617172, 0.487564, 9.636932, 0, ;
0.479233, 0.443268, 9.376038, 0, ;
0.594879, 0.511597, 9.616455, 0, ;
0.525925, 0.561432, 9.338425, 0, ;
0.480484, 0.460632, 9.592285, 0, ;
0.431946, 0.464020, 9.499084, 0, ;
0.558212, 0.447205, 9.581573, 0, ;
0.561539, 0.496613, 9.467667, 0, ;
0.594208, 0.483185, 9.788483, 0, ;
0.405518, 0.461395, 9.530807, 0, ;
0.273804, 0.423050, 9.467606, 0, ;
0.313477, 0.409698, 9.702484, 0, ;
0.117584, 0.459457, 9.404922, 0, ;
0.198761, 0.499939, 9.594376, 0, ;
0.112671, 0.457169, 9.538666, 0, ;
0.078995, 0.433029, 9.541702, 0, ;
0.061310, 0.458008, 9.573502, 0, ;
0.043533, 0.430832, 9.398788, 0, ;
0.025024, 0.483887, 9.377487, 0, ;
0.273727, 0.486710, 9.451660, 0, ;
-2.542587, 4.480118, 7.240067, 0, ;
-1.528244, 4.507401, 7.176788, 0, ;
-0.900558, 5.348206, 7.139908, 0, ;
-0.645447, 5.255341, 7.683670, 0, ;
-0.712250, 5.217026, 7.913361, 0, ;
-0.878571, 5.383682, 7.214584, 0, ;
-0.586151, 5.601089, 8.079636, 0, ;
-0.921677, 5.991776, 7.370377, 0, ;
-0.351074, 6.220367, 8.639984, 0, ;
-0.390823, 5.834717, 8.852142, 0, ;
0.440308, 4.883804, 10.162582, 0, ;
-0.991058, 3.279663, 10.928818, 0, ;
-0.233170, 3.041351, 7.870132, 1, ;
-0.659683, 3.009003, 9.241058, 1, ;
-0.889099, 3.582504, 8.509109, 1, ;
-0.382843, 3.850357, 7.859970, 1, ;
-0.300797, 4.680038, 7.503662, 1, ;
0.502930, 4.032043, 7.116547, 1, ;
0.908798, 4.806610, 8.147171, 1, ;
1.129684, 3.079956, 11.408356, 1, ;
-0.696167, 2.431046, 10.911438, 1, ;
-1.833908, 3.123062, 9.676010, 1, ;
-4.301834, 0.433945, 11.584351, 1, ;
-3.334076, 0.927444, 9.008133, 1, ;
-1.418976, 2.429626, 8.368530, 1, ;
-2.861542, 1.209686, 6.868317, 1, ;
-3.326309, 2.447968, 6.870270, 1, ;
-2.804626, 3.528931, 8.860901, 1, ;
-2.993408, 2.910706, 10.978348, 1, ;
-2.641205, 3.288300, 10.680679, 1, ;
-2.574600, 2.855362, 11.947205, 1, ;
-1.676743, 0.800156, 11.489731, 1, ;
0.359268, 1.631363, 9.386749, 1, ;
-0.445114, 3.154312, 8.166443, 1, ;
-1.260681, 3.628448, 7.347626, 1, ;
-1.119980, 3.757767, 6.921082, 1, ;
-0.349915, 4.423264, 6.807419, 1, ;
-0.955658, 3.663498, 8.052383, 1, ;
-0.599915, 2.887283, 8.383926, 1, ;
-2.203018, 5.748627, 9.128632, 1, ;
-4.433716, 0.222168, 12.561127, 1, ;
-2.759766, -1.068161, 10.515579, 1, ;
-0.682373, 1.450256, 7.344070, 1, ;
-2.131729, 1.952728, 7.304733, 1, ;
0.202866, 4.759811, 6.810623, 1, ;
-1.534683, 4.590057, 7.981033, 1, ;
-2.608795, 3.823929, 9.308289, 1, ;
-3.493866, 2.882996, 11.114441, 1, ;
0.454437, 3.633072, 11.359894, 1, ;
0.181686, 2.127747, 11.624481, 1, ;
0.735901, 2.911514, 8.470139, 1, ;
-1.452820, 2.833832, 5.564301, 1, ;
-1.709946, 3.223679, 6.088852, 1, ;
-2.180237, 3.273788, 7.952438, 1, ;
-1.927490, 3.712677, 11.279785, 1, ;
-4.184845, 3.960693, 10.440872, 1, ;
-4.432571, 3.857437, 10.265198, 1, ;
-3.187073, 1.605423, 10.942993, 1, ;
-2.745712, 0.797974, 8.639771, 1, ;
-0.893906, 0.485962, 8.937134, 1, ;
-0.999222, 1.402054, 7.072937, 1, ;
-0.672318, 3.258499, 6.393463, 1, ;
-0.815842, 2.427475, 11.030869, 1, ;
-0.463943, 2.836746, 10.152344, 1, ;
-0.486496, 0.344360, 13.182648, 1, ;
0.371628, 0.712952, 9.899170, 1, ;
1.273941, 2.697296, 7.625183, 1, ;
-1.371277, 2.132095, 6.875122, 1, ;
-1.512161, 2.853119, 6.532547, 1, ;
-1.402298, 2.580399, 8.189270, 1, ;
-1.706863, 1.850723, 11.678131, 1, ;
-2.566940, 3.498703, 10.384689, 1, ;
-2.887268, 1.759003, 14.726089, 1, ;
-3.966171, 1.471344, 9.231964, 1, ;
-2.758636, 0.815796, 10.219315, 1, ;
-0.289062, -0.043671, 10.290344, 1, ;
0.495316, 1.081619, 6.736526, 1, ;
0.561874, 3.384628, 6.429764, 1, ;
0.476990, 3.887711, 9.422134, 1, ;
-0.203217, 2.387360, 9.975159, 1, ;
-0.722137, 0.735382, 12.479309, 1, ;
-0.893524, -0.233429, 13.390991, 1, ;
-0.615021, 0.223602, 12.319824, 1, ;
0.606110, 1.628021, 9.346741, 1, ;
1.229767, 3.206207, 9.591919, 1, ;
1.453522, 3.141937, 8.668335, 1, ;
0.008636, 2.963409, 8.216064, 1, ;
-0.819733, 2.420685, 8.656433, 1, ;
-1.162506, 2.025543, 8.656433, 1, ;
-1.217255, 2.449249, 8.225586, 1, ;
-1.402924, 2.811066, 7.171082, 1, ;
-1.890900, 2.946747, 6.076111, 1, ;
-2.233673, 2.749176, 5.633362, 1, ;
-2.371735, 2.825348, 6.680725, 1, ;
-1.648102, 2.730133, 7.275818, 1, ;
-1.538605, 2.837250, 7.816162, 1, ;
-1.138702, 2.903900, 8.120850, 1, ;
-0.695953, 3.534698, 9.096802, 1, ;
-1.033966, 3.477570, 9.651428, 1, ;
-2.109894, 2.822968, 9.480042, 1, ;
-2.800201, 2.525421, 9.353882, 1, ;
-2.485992, 2.794403, 11.231995, 1, ;
-2.443146, 2.832489, 11.634277, 1, ;
-2.688324, 3.153839, 10.858276, 1, ;
-2.747833, 3.915558, 10.375061, 1, ;
-2.114655, 4.639191, 9.668091, 1, ;
-1.457672, 4.615387, 11.017761, 1, ;
-2.466949, 1.735138, 15.359558, 1, ;
-3.807098, -0.942780, 17.178162, 1, ;
-4.792572, -0.461945, 13.536194, 1, ;
-4.395050, 0.744904, 8.944458, 1, ;
-3.888031, 1.518524, 7.130615, 1, ;
-3.235809, 1.566132, 7.720947, 1, ;
-2.731171, 1.380463, 8.799255, 1, ;
-2.100372, 1.361420, 8.965881, 1, ;
-1.624298, 1.216217, 8.592163, 1, ;
-1.336273, 1.073395, 8.261292, 1, ;
-1.469574, 0.790131, 8.199402, 1, ;
-1.657623, 0.737762, 7.735229, 1, ;
-1.971832, 0.802032, 7.094910, 1, ;
-2.202728, 0.930573, 6.506958, 1, ;
-2.336029, 1.280487, 6.011841, 1, ;
-2.117035, 2.030304, 5.799988, 1, ;
-1.686188, 2.768219, 5.754761, 1, ;
-1.445770, 3.220490, 6.314148, 1, ;
-1.207733, 3.080048, 7.942322, 1, ;
-1.083954, 2.753937, 9.668091, 1, ;
-1.195831, 2.358795, 11.077271, 1, ;
-0.931610, 2.444489, 11.129639, 1, ;
-0.555511, 2.539703, 10.625000, 1, ;
-0.134186, 2.513519, 10.222717, 1, ;
-0.438873, 2.565887, 10.329834, 1, ;
-0.757843, 2.623016, 9.553833, 1, ;
-0.286530, 2.418304, 9.549072, 1, ;
0.670380, 1.823212, 11.084412, 1, ;
0.137177, 0.437836, 13.052979, 1, ;
-1.000641, -0.947540, 13.569519, 1, ;
-1.012543, -0.780914, 12.291260, 1, ;
-0.462677, 0.352142, 9.696655, 1, ;
-0.022308, 1.558990, 7.797119, 1, ;
-0.155609, 1.977936, 7.299622, 1, ;
-0.300812, 1.820831, 8.247009, 1, ;
-0.403168, 1.563751, 9.541931, 1, ;
-0.550751, 1.499481, 9.968018, 1, ;
-0.605499, 1.654205, 9.203918, 1, ;
-1.064911, 1.996979, 8.097046, 1, ;
-1.429108, 2.089813, 7.378174, 1, ;
-1.569550, 2.399261, 6.947327, 1, ;
-1.429108, 2.711090, 6.611694, 1, ;
-1.272003, 3.075287, 6.606934, 1, ;
-0.805450, 3.522797, 7.211548, 1, ;
-0.612640, 3.532318, 7.835205, 1, ;
-1.029205, 3.391876, 8.285095, 1, ;
-1.462433, 2.996735, 8.908752, 1, ;
-1.771881, 2.772980, 9.906128, 1, ;
-1.988495, 2.475433, 11.079651, 1, ;
-2.409821, 2.344513, 10.865417, 1, ;
-2.750214, 2.580170, 10.896362, 1, ;
-2.766876, 2.639679, 10.941589, 1, ;
-2.450287, 3.032440, 11.270081, 1, ;
-1.745697, 4.089325, 10.965393, 1, ;
-1.098236, 4.865326, 10.558350, 1, ;
-0.741180, 3.575165, 12.617371, 1, ;
-2.121796, 1.156708, 14.921570, 1, ;
-3.557159, 0.675873, 12.412659, 1, ;
-3.968964, 1.551849, 8.366028, 1, ;
-4.233185, 1.935089, 7.087769, 1, ;
-3.945160, 1.854156, 7.904236, 1, ;
-3.447662, 1.651825, 8.611206, 1, ;
-2.643097, 1.711334, 8.942078, 1, ;
-1.562408, 1.925568, 9.046814, 1, ;
-0.734039, 2.004120, 8.204163, 1, ;
-0.434113, 2.042206, 7.351990, 1, ;
-0.703094, 1.601837, 7.570984, 1, ;
-0.938751, 1.359039, 7.675720, 1, ;
-1.310089, 1.273346, 7.580505, 1, ;
-1.574310, 1.556610, 7.106812, 1, ;
-1.326752, 2.285004, 6.568848, 1, ;
-1.112518, 3.051483, 6.418884, 1, ;
-1.079193, 3.084808, 7.661438, 1, ;
-0.936371, 2.856293, 9.287231, 1, ;
-0.729279, 2.813446, 10.189392, 1, ;
-0.500763, 3.144318, 9.527649, 1, ;
-0.379364, 3.422821, 9.011108, 1, ;
-0.088959, 3.118134, 9.837097, 1, ;
-0.405548, 2.646820, 10.258423, 1, ;
-1.112518, 2.613495, 9.103943, 1, ;
-0.995880, 2.953888, 8.375549, 1, ;
-0.284149, 2.839630, 8.501709, 1, ;
-0.105621, 1.835114, 9.810913, 1, ;
-0.617401, 0.130768, 12.029419, 1, ;
-1.662384, -1.099884, 13.574280, 1, ;
-1.814728, -0.873749, 12.555481, 1, ;
-1.117279, 0.616364, 9.956116, 1, ;
-0.274628, 1.727997, 8.592163, 1, ;
0.046722, 2.139801, 8.813538, 1, ;
0.058624, 1.816071, 9.734741, 1, ;
-0.200836, 1.608978, 10.560730, 1, ;
-0.662628, 1.618500, 9.668091, 1, ;
-1.003021, 1.920807, 8.294617, 1, ;
-1.398163, 2.013641, 7.416260, 1, ;
-1.693329, 2.223114, 6.714050, 1, ;
-1.945648, 2.484955, 6.278442, 1, ;
-1.686188, 3.120514, 5.792847, 1, ;
-1.260101, 3.653717, 6.316528, 1, ;
-1.067291, 3.839386, 7.163940, 1, ;
-1.122040, 3.817963, 8.099426, 1, ;
-1.164886, 3.563263, 8.927795, 1, ;
-1.352936, 3.299042, 9.520508, 1, ;
-1.610016, 3.072906, 10.751160, 1, ;
-2.143219, 2.551605, 11.903259, 1, ;
-2.978729, 2.406403, 11.658081, 1, ;
-3.614288, 2.958649, 10.170349, 1, ;
-3.628571, 3.296661, 9.460999, 1, ;
-2.585968, 4.077423, 9.758545, 1, ;
-0.945892, 5.208099, 9.639526, 1, ;
-0.003265, 4.134552, 12.007996, 1, ;
-0.903046, 1.061493, 15.395264, 1, ;
-3.081085, -0.485748, 14.328857, 1, ;
-3.669037, 0.454498, 9.703796, 1, ;
-3.300079, 1.742279, 6.437927, 1, ;
-3.050140, 2.068390, 6.497437, 1, ;
-2.876373, 1.456635, 8.337463, 1, ;
-2.695465, 0.873444, 9.411011, 1, ;
-2.233673, 0.885345, 9.206299, 1, ;
-1.626678, 1.054352, 8.554077, 1, ;
-1.293427, 1.161469, 7.432922, 1, ;
-0.817352, 1.416168, 6.564087, 1, ;
-0.779266, 1.332855, 6.873535, 1, ;
-0.503143, 1.649445, 7.309143, 1, ;
-0.781647, 1.651825, 7.894714, 1, ;
-1.400543, 1.220978, 7.554321, 1, ;
-1.429108, 2.675385, 4.705017, 1, ;
0.629913, 3.479950, 2.448425, 1, ;
-0.417450, 3.794159, 4.378906, 1, ;
-0.793549, 5.103363, 8.568359, 1, ;
0.194305, 5.707977, 9.049194, 1, ;
1.229767, 4.948639, 8.144653, 1, ;
0.413300, 5.146210, 8.563599, 1, ;
1.048859, 5.141449, 10.284607, 1, ;
0.658478, 4.672516, 11.615234, 1, ;
-0.479340, 4.179779, 11.196289, 1, ;
-0.274628, 4.077423, 9.720459, 1, ;
0.099091, 5.707977, 10.386963, 1, ;
1.294037, 6.276886, 13.138672, 1, ;
0.441864, 2.956268, 15.366699, 1, ;
0.134796, 1.247162, 15.338135, 1, ;
-1.138702, 0.940094, 12.229370, 1, ;
-1.417206, 1.889862, 9.087280, 1, ;
-1.769501, 2.361176, 8.123230, 1, ;
-1.457672, 2.204071, 8.518372, 1, ;
-0.108002, 2.289764, 9.796631, 1, ;
-1.226776, 2.772980, 7.080627, 1, ;
-1.836151, 3.563263, 6.528381, 1, ;
-0.669769, 4.379730, 6.856873, 1, ;
-1.417206, 3.648956, 7.494812, 1, ;
-1.176788, 4.546356, 6.671204, 1, ;
-1.157745, 3.260956, 6.916382, 1, ;
-1.445770, 2.853912, 9.222961, 1, ;
-0.857819, 3.087189, 11.296265, 1, ;
-0.248444, 3.518036, 10.622620, 1, ;
-1.948029, 4.015533, 9.453857, 1, ;
-2.847809, 4.120270, 8.463623, 1, ;
-1.419586, 3.765594, 9.382446, 1, ;
0.284760, 4.722504, 8.906372, 1, ;
1.210724, 6.298309, 9.434814, 1, ;
3.719635, 6.076935, 10.491699, 1, ;
-3.928497, 3.896515, 10.265564, 1, ;
-1.890900, 2.373077, 8.815918, 1, ;
-1.533844, 3.641815, 7.932800, 1, ;
-1.286285, 4.758209, 8.630249, 1, ;
-0.764984, 3.948883, 11.772339, 1, ;
-0.819733, 2.673004, 12.429321, 1, ;
-0.569794, 2.282623, 11.984192, 1, ;
0.165741, 2.615875, 10.536926, 1, ;
1.284515, 3.139557, 9.451477, 1, ;
1.503510, 2.946747, 8.020874, 1, ;
1.010773, 2.744415, 6.559326, 1, ;
-0.162750, 2.649200, 5.250122, 1, ;
0.886993, 2.780121, 4.578857, 1, ;
0.399017, 3.113373, 5.057312, 1, ;
0.122894, 2.770599, 5.545288, 1, ;
0.401398, 2.544464, 6.487915, 1, ;
2.246185, 3.984589, 7.237732, 1, ;
2.677032, 4.508270, 10.267944, 1, ;
1.746307, 3.596588, 11.201050, 1, ;
1.084564, 3.318085, 10.322693, 1, ;
0.356171, 3.094330, 8.604065, 1, ;
-0.317474, 3.441864, 6.023743, 1, ;
-0.324615, 3.210968, 5.719055, 1, ;
1.951019, 2.580170, 7.723328, 1, ;
4.433746, 1.518524, 13.729004, 1, ;
3.100739, 0.490204, 15.630920, 1, ;
0.487091, -1.054657, 15.185791, 1, ;
-0.962555, -1.506927, 14.007507, 1, ;
-0.322235, -0.911835, 12.298401, 1, ;
0.232391, -0.166779, 9.837097, 1, ;
0.522797, -0.009674, 7.456726, 1, ;
1.265472, -0.254852, 6.806885, 1, ;
2.534210, 0.068878, 6.456970, 1, ;
2.398529, -0.031097, 5.445312, 1, ;
2.286652, 0.202179, 3.236328, 1, ;
2.867462, 0.399750, 1.658142, 1, ;
2.465179, -0.014435, 0.439392, 1, ;
2.291412, -0.742828, 0.865479, 1, ;
3.103119, -0.859467, -0.774597, 1, ;
4.638458, 0.342621, -1.062622, 1, ;
5.019318, -0.890411, -1.267334, 1, ;
4.807465, -4.510956, -1.119751, 1, ;
7.899567, -4.208649, 5.619080, 1, ;
6.704620, -5.417877, 6.642639, 1, ;
4.762238, -7.407867, 6.295105, 1, ;
7.225922, -7.464996, 10.496460, 1, ;
8.206635, -7.831573, 11.860413, 1, ;
9.399200, -7.669708, 12.162720, 1, ;
9.687225, -7.864899, 9.096802, 1, ;
8.668427, -9.197906, 6.856873, 1, ;
8.994537, -10.485687, 8.230347, 1, ;
8.973114, -11.411652, 10.477417, 1, ;
7.990021, -12.092438, 12.791138, 1, ;
7.497284, -11.683014, 13.536194, 1, ;
9.234955, -9.069366, 9.979919, 1, ;
9.951447, -6.660431, 5.407227, 1, ;
10.401337, -6.134369, 1.803345, 1, ;
8.237579, -6.722321, 2.072327, 1, ;
6.707001, -7.641144, 3.650513, 1, ;
5.835785, -8.195770, 5.940430, 1, ;
5.450165, -8.171967, 7.592407, 1, ;
5.076447, -7.541168, 7.906616, 1, ;
4.500397, -6.308136, 6.963989, 1, ;
4.538483, -5.577362, 5.002563, 1, ;
3.850555, -5.665436, 2.924500, 1, ;
3.300690, -5.629730, 1.117798, 1, ;
3.003143, -5.079865, 0.175171, 1, ;
2.810333, -4.684723, -0.317566, 1, ;
3.043610, -4.944183, -0.124756, 1, ;
3.248322, -5.991547, 1.029724, 1, ;
3.367340, -6.831818, 3.179199, 1, ;
3.455414, -7.350739, 4.167053, 1, ;
3.602997, -7.167450, 5.242981, 1, ;
3.786285, -7.900604, 4.959717, 1, ;
4.350433, -8.845612, 5.031128, 1, ;
4.486115, -10.004852, 4.462219, 1, ;
4.681305, -10.688019, 4.688354, 1, ;
4.505157, -10.949860, 5.550049, 1, ;
5.716766, -11.309296, 4.376526, 1, ;
6.376129, -11.361664, 3.224426, 1, ;
6.019073, -10.414276, 4.112305, 1, ;
5.076447, -9.100311, 5.550049, 1, ;
5.109772, -7.179352, 4.954956, 1, ;
6.100006, -6.477142, 1.981873, 1, ;
6.004791, -7.315033, -0.895996, 1, ;
5.190704, -8.319550, -1.648193, 1, ;
3.983856, -9.033661, -0.436584, 1, ;
3.053131, -9.850128, 2.053284, 1, ;
2.227142, -10.202423, 5.373901, 1, ;
2.003387, -9.164581, 6.226074, 1, ;
2.986481, -7.691132, 4.333679, 1, ;
4.152863, -5.843964, 2.381775, 1, ;
4.836029, -4.491913, 1.289185, 1, ;
4.940765, -3.946808, 0.753601, 1, ;
4.350433, -4.856110, 1.481995, 1, ;
3.793427, -5.765411, 1.915222, 1, ;
3.938629, -6.131989, 2.205627, 1, ;
4.174286, -5.874908, 1.998535, 1, ;
4.119537, -5.660675, 1.722412, 1, ;
4.145721, -5.836823, 2.422241, 1, ;
4.188568, -6.005829, 2.724548, 1, ;
4.609894, -6.389069, 2.793579, 1, ;
5.395416, -6.365265, 2.834045, 1, ;
6.376129, -6.331940, 2.843567, 1, ;
7.333038, -6.646149, 2.765015, 1, ;
7.856720, -7.612579, 3.333923, 1, ;
8.806488, -8.702789, 4.781189, 1, ;
8.918365, -8.912262, 5.057312, 1, ;
8.218536, -8.971771, 5.585754, 1, ;
7.675812, -8.538544, 6.192749, 1, ;
7.597260, -7.365021, 5.414368, 1, ;
7.680573, -6.903229, 3.838562, 1, ;
7.571075, -7.203156, 2.917358, 1, ;
7.144989, -7.764923, 2.507935, 1, ;
6.704620, -7.538788, 2.979248, 1, ;
6.854584, -6.703278, 3.062561, 1, ;
6.345184, -6.336700, 3.003052, 1, ;
5.721527, -5.898712, 2.574585, 1, ;
4.933624, -5.958221, 2.017578, 1, ;
4.640839, -5.601166, 1.727173, 1, ;
4.533722, -5.125092, 1.943787, 1, ;
4.424225, -4.656158, 1.722412, 1, ;
4.509918, -4.272919, 0.636963, 1, ;
4.569427, -4.515717, -0.158081, 1, ;
4.467072, -4.753754, -0.212830, 1, ;
4.831268, -4.917999, -0.039062, 1, ;
5.038361, -5.651154, 1.008301, 1, ;
5.164520, -6.298615, 2.024719, 1, ;
5.500153, -6.748505, 2.700745, 1, ;
5.866730, -7.607819, 3.474365, 1, ;
6.026215, -8.628998, 3.938538, 1, ;
6.066681, -9.695404, 4.250366, 1, ;
5.881012, -10.316681, 3.983765, 1, ;
6.404694, -10.350006, 3.029236, 1, ;
6.540375, -11.064117, 2.862610, 1, ;
6.180939, -11.835358, 3.912354, 1, ;
5.081207, -10.845123, 5.540527, 1, ;
5.200226, -7.793488, 4.743103, 1, ;
6.454681, -5.448822, 1.955688, 1, ;
7.102142, -5.596405, -1.024536, 1, ;
6.159515, -6.846100, -2.309937, 1, ;
5.671539, -7.824432, -1.386353, 1, ;
5.407318, -8.162445, 1.105896, 1, ;
4.909821, -7.969635, 3.538635, 1, ;
4.498016, -7.812531, 4.512207, 1, ;
3.517303, -7.986298, 4.514587, 1, ;
3.081696, -7.312653, 3.426758, 1, ;
3.203094, -6.258148, 1.834290, 1, ;
3.752960, -5.596405, 0.808350, 1, ;
3.855316, -5.046539, -0.081909, 1, ;
4.014801, -4.853729, -0.641296, 1, ;
4.105255, -5.034637, -0.619873, 1, ;
4.169525, -5.855865, 0.415588, 1, ;
4.021942, -6.750885, 1.298706, 1, ;
4.398041, -6.915131, 1.743835, 1, ;
4.736053, -6.972260, 1.489136, 1, ;
5.288300, -6.967499, 1.091614, 1, ;
5.945282, -7.086517, 0.844055, 1, ;
7.642487, -11.730621, 4.747864, 1, ;
7.073578, -11.216461, 6.249878, 1, ;
7.121185, -8.648041, 4.838318, 1, ;
7.387787, -6.512848, 1.355835, 1, ;
6.642731, -6.762787, -0.967407, 1, ;
5.723907, -8.521881, -1.357788, 1, ;
5.185944, -10.128632, 0.091858, 1, ;
5.381134, -9.904877, 2.272278, 1, ;
6.119049, -8.393341, 3.748108, 1, ;
6.364227, -6.877045, 4.131348, 1, ;
6.561798, -5.475006, 3.748108, 1, ;
6.495148, -4.599030, 2.938782, 1, ;
5.828644, -4.468109, 1.803345, 1, ;
4.990753, -4.644257, 1.139221, 1, ;
4.081451, -5.037018, 0.846436, 1, ;
3.731537, -5.484528, 1.082092, 1, ;
3.324493, -6.346222, 1.451050, 1, ;
3.581573, -7.188873, 1.677185, 1, ;
3.691071, -7.969635, 2.812622, 1, ;
4.005280, -8.010101, 3.729065, 1, ;
4.012421, -7.614960, 3.548157, 1, ;
4.183807, -7.426910, 3.469604, 1, ;
4.593231, -8.107697, 3.610046, 1, ;
4.605133, -9.245514, 3.610046, 1, ;
4.624176, -10.578522, 3.560059, 1, ;
4.424225, -11.728241, 4.724060, 1, ;
4.724152, -12.894623, 6.092773, 1, ;
4.543243, -13.301666, 7.125854, 1, ;
4.274261, -11.966278, 6.904480, 1, ;
4.112396, -8.752777, 5.169189, 1, ;
5.364471, -6.105804, 0.953552, 1, ;
5.923859, -5.386932, -2.419434, 1, ;
6.945038, -5.558319, -4.835510, 1, ;
6.021454, -5.822540, -4.295166, 1, ;
5.445404, -6.800873, -2.059998, 1, ;
4.707489, -8.029144, 0.855957, 1, ;
3.710114, -9.552582, 3.838562, 1, ;
2.934113, -9.850128, 5.423889, 1, ;
3.086456, -8.505219, 4.345581, 1, ;
3.195953, -7.284088, 1.919983, 1, ;
3.317352, -6.493805, -0.241394, 1, ;
3.657745, -5.734467, -1.184021, 1, ;
4.017181, -5.339325, -1.153076, 1, ;
4.152863, -5.358368, -0.712708, 1, ;
4.307587, -5.984406, 0.298950, 1, ;
4.793182, -6.591400, 1.274902, 1, ;
5.102631, -7.017487, 1.827148, 1, ;
5.331146, -6.953217, 1.831909, 1, ;
5.507294, -7.072235, 1.939026, 1, ;
5.621552, -7.110321, 1.574829, 1, ;
5.900055, -7.150787, 1.189209, 1, ;
6.007172, -8.079132, 0.570312, 1, ;
6.114288, -9.364532, 0.536987, 1, ;
6.364227, -10.576141, 1.172546, 1, ;
7.109283, -10.952240, 1.943787, 1, ;
7.904327, -11.563995, 2.793579, 1, ;
7.618683, -11.733002, 4.693115, 1, ;
6.723663, -10.435699, 6.030884, 1, ;
5.959564, -8.419525, 4.928772, 1, ;
5.861969, -6.819916, 2.512695, 1, ;
5.626312, -6.955597, 0.391785, 1, ;
5.416840, -7.950592, -0.350891, 1, ;
5.216888, -8.688507, 0.565552, 1, ;
4.895538, -8.748016, 1.910461, 1, ;
4.919342, -8.067230, 2.984009, 1, ;
5.254974, -6.943695, 3.736206, 1, ;
5.714386, -5.753510, 3.845703, 1, ;
5.909576, -5.003693, 3.212524, 1, ;
5.769135, -4.463348, 2.407959, 1, ;
5.207367, -4.277679, 1.877136, 1, ;
4.850311, -4.358612, 1.636719, 1, ;
4.569427, -4.963226, 1.491516, 1, ;
4.179047, -5.820160, 1.160645, 1, ;
3.902924, -6.715179, 1.246338, 1, ;
3.862457, -7.353119, 1.869995, 1, ;
3.900543, -7.307892, 2.393677, 1, ;
4.450409, -7.274567, 2.991150, 1, ;
4.852692, -7.445953, 3.131592, 1, ;
5.445404, -8.450470, 3.464844, 1, ;
6.102386, -9.416901, 3.686218, 1, ;
6.076202, -10.430939, 3.541016, 1, ;
6.283295, -10.397614, 3.669556, 1, ;
6.607025, -11.171234, 3.281555, 1, ;
6.302338, -11.730621, 3.707642, 1, ;
5.709625, -10.666595, 3.876648, 1, ;
4.833649, -8.188629, 3.855225, 1, ;
5.954803, -5.644012, 2.015198, 1, ;
7.480621, -5.067963, -0.679382, 1, ;
7.680573, -5.674957, -2.371826, 1, ;
7.102142, -6.658051, -2.207581, 1, ;
6.159515, -7.455475, -0.136658, 1, ;
5.421600, -7.674469, 2.088989, 1, ;
4.852692, -7.486420, 3.183960, 1, ;
4.502777, -6.869904, 3.095886, 1, ;
4.162384, -5.874908, 1.720032, 1, ;
4.195709, -5.041779, 0.489380, 1, ;
4.233795, -4.434784, -0.167603, 1, ;
4.459930, -4.227692, -0.593689, 1, ;
4.797943, -4.265778, -0.791260, 1, ;
5.078827, -4.603790, -0.627014, 1, ;
5.385895, -5.103668, 0.148987, 1, ;
5.716766, -5.691620, 0.941650, 1, ;
6.002411, -6.193878, 1.489136, 1, ;
6.371368, -6.322418, 1.829529, 1, ;
6.730804, -6.310516, 1.427246, 1, ;
7.035492, -6.296234, 0.296570, 1, ;
7.563934, -6.665192, -0.024780, 1, ;
8.080475, -7.879181, 0.313232, 1, ;
8.904083, -9.243134, 1.013062, 1, ;
9.715790, -10.535675, 1.946167, 1, ;
10.120453, -11.549713, 3.441040, 1, ;
9.496796, -10.883209, 4.976379, 1, ;
8.477997, -8.529022, 5.271545, 1, ;
8.316132, -5.855865, 3.060181, 1, ;
8.551788, -5.486908, 0.291809, 1, ;
7.713898, -6.991302, -0.903137, 1, ;
6.868866, -8.343353, -1.010254, 1, ;
6.516571, -8.229095, 0.334656, 1, ;
6.640350, -7.276947, 1.896179, 1, ;
6.621307, -6.374786, 3.119690, 1, ;
6.454681, -5.648773, 3.255371, 1, ;
6.445160, -4.984650, 2.381775, 1, ;
6.338043, -4.077728, 1.448669, 1, ;
6.059540, -3.704010, 0.641724, 1, ;
5.538239, -3.742096, 0.165649, 1, ;
5.147858, -4.089630, 0.001404, 1, ;
4.893158, -4.922760, 0.258484, 1, ;
4.595612, -6.103424, 0.955933, 1, ;
4.524200, -7.179352, 1.924744, 1, ;
4.498016, -7.484039, 2.984009, 1, ;
